rsNumbers,father,mother,child1,child2,child3
rs3131972,AG,GG,AG,GG,GG
rs12124819,AA,AG,AG,AA,AG
rs7538305,AA,AA,AA,AA,AA
rs4475691,TT,CT,CT,TT,CT
rs7537756,GG,AG,AG,GG,AG
rs13302982,GG,GG,GG,GG,GG
rs67274836,GG,AG,AG,GG,AG
rs77334480,CC,CC,CC,CC,CC
rs12731175,GG,GG,GG,GG,GG
rs9651273,AG,AG,AG,GG,AA
rs9442373,AC,CC,AC,AC,CC
rs4072537,CC,CC,CC,CC,CC
rs11260542,AA,AG,AG,AA,AG
rs3813199,AG,AG,AA,AG,AG
rs2144440,AA,AA,AA,AA,AA
rs17160669,CC,TT,CT,CT,CT
rs11548045,GG,GG,GG,GG,GG
rs143000156,GG,GG,GG,GG,GG
rs6690515,GG,GG,GG,GG,GG
rs28635343,CT,CT,CT,TT,CC
rs6603811,CC,CC,CC,CC,CC
rs7525092,CC,CT,CT,CC,CT
rs28710181,CC,CC,CC,CC,CC
rs16824588,TT,CT,CT,TT,CT
rs28706276,GG,GG,GG,GG,GG
rs6656398,AG,AG,AG,AA,GG
rs13303016,AG,AG,AG,AA,GG
rs61775407,CC,CC,CC,CC,CC
rs424079,AA,CC,AC,AC,AC
rs12119470,CC,CC,CC,CC,CC
rs2017143,CT,CC,CT,CT,CC
rs884940,CT,CT,CT,CC,TT
rs2843157,CC,CC,CC,CC,CC
rs2645065,CC,CC,CC,CC,CC
rs2055204,AG,AA,AA,AA,AG
rs7527871,AA,AA,AA,AA,AA
rs4648831,CC,CC,CC,CC,CC
rs10910061,GG,GG,GG,GG,GG
rs2279703,TT,CC,GG,CT,CT
rs144594161,GG,GG,GG,GG,GG
rs3935659,CT,CT,CT,TT,CC
rs12731309,CT,CC,CT,CT,CC
rs10910078,CT,CC,CT,CT,CC
rs2477686,CG,CC,CG,CG,CC
rs115810747,AA,AA,AA,AA,AA
rs1980789,AA,AA,AA,AA,AA
rs2234167,AG,GG,CC,AG,GG
rs734999,TT,CT,CT,TT,CT
rs3748816,AG,AG,AA,AG,AG
